Beer,Sales,Cases,Price per Case,Owner,ABV,BA Score,Style
Bud Light,"5,946,766,000","294,749,300",20.18,A-B InBev,4.20%,47,Light Lager
Coors Light,"2,360,430,000","118,469,600",19.92,MillerCoors,4.20%,50,Light Lager
Budweiser,"2,110,352,000","104,390,500",20.22,A-B InBev,5.00%,57,Ameriacan Adjunct Lager
Miller Lite,"1,868,866,000","94,262,870",19.83,MillerCoors,4.17%,53,Light Lager
Corona Extra,"1,221,351,000","41,170,180",29.67,Constellation,4.60%,56,Ameriacan Adjunct Lager
Natural Light,"1,122,770,000","72,203,900",15.55,A-B InBev,4.20%,43,Light Lager
Busch Light,"844,276,000","56,008,580",15.07,A-B InBev,4.10%,46,Light Lager
Michelob Ultra Light,"777,196,700","31,626,370",24.57,A-B InBev,4.20%,47,Light Lager
Busch,"673,394,400","43,374,170",15.53,A-B InBev,4.30%,49,Ameriacan Adjunct Lager
Heineken,"669,337,000","22,449,080",29.82,Heineken N.V.,5.00%,64,Euro Pale Lager
Modelo Especial,"574,636,000","21,648,650",26.54,Constallation,4.40%,65,Ameriacan Adjunct Lager
Keystone Light,"493,993,600","33,586,780",14.71,MillerCoors,4.20%,46,Light Lager
Miller High Life,"476,895,100","30,259,841",15.76,MillerCoors,4.60%,63,Ameriacan Adjunct Lager
Natural Ice,"335,392,900","21,708,278",15.45,A-B InBev,5.90%,45,Ameriacan Adjunct Lager
Bud Light Platinum,"321,408,700","12,202,304",26.34,A-B InBev,6%,54,Light Lager
Pabst Blue Ribbon,"288,487,900","17,807,895",16.2,TSG/E.K.,4.74%,68,Ameriacan Adjunct Lager
Bud Light Lime,"285,037,200","10,870,984",26.22,A-B InBev,4.20%,53,Light Lager
Bud Ice,"248,717,600","14,410,058",17.26,A-B InBev,5.50%,47,Ameriacan Adjunct Lager
Yuengling Lager,"248,673,600","11,370,535",21.86,Yuengling,4.40%,78,American Amber
Bud Light Lime Straw Ber Rita,"246,550,800","7,107,259",34.69,A-B InBev,8%,56,American Malt Liquor
